Address,0x3a4ABb0eE1dE2aCcDFE14b80B4DEe78F983b3dcF
0xc1C0aE73E89a9ec2136853a7776bCe0181c1c6CB,18335659058491962019
0x4861c074eaF91FAF914caDFB8AF6f0Fb8208CB11,1583899177962006348
0x9aabd039fD0bF767Db26293a039998e85Bd31255,0
0xDa06EfE634A6D52E47bdFeBF55aCbEC6a1159d6B,0
0x418c46e5dBF8409aFB48682f4eb63B74f85459F7,37200156917982573414
0x9E5011617Ed64301Fb8fa9564F50c34D360872a6,1862434736533789338
0xC757065aE8cd8163b98382b4A3284B80aedff6CD,57262056125634376413
0x66F1daEa681Cb6A38e7539c0C3446d95DBcB9ebc,6871107822139614169
0xDeEc86988C66618e574ed1eFF2C5CA5745d2916d,178167093988802311
0x32329fD80bc1b2Fbf5861148590975F0E813bF49,2315722109419732647
0x3a4ABb0eE1dE2aCcDFE14b80B4DEe78F983b3dcF,209709980534450018085
